<?xml version="1.0" encoding="UTF-8"?>
<beans xmlns="http://www.springframework.org/schema/beans"
    xmlns:xsi="http://www.w3.org/2001/XMLSchema-instance"
    xmlns:c="http://www.springframework.org/schema/c"
    xsi:schemaLocation="http://www.springframework.org/schema/beans
        http://www.springframework.org/schema/beans/spring-beans.xsd">
		
		<bean id="datasourceId" class="com.yash.Integrate.DataSource">
			<property name="driver" value="com.mysql.jdbc.Driver"></property>
			<property name="url" value="jdbc:mysql://localhost:3306/test"></property>
			<property name="username" value="root"></property>
			<property name="password" value="root"></property>
		</bean>
	
</beans>



	